<?xml version="1.0" encoding="UTF-8"?>
<!DOCTYPE version SYSTEM "../../../lib/pkp/dtd/pluginVersion.dtd">

<!--
  * plugins/generic/changePassword/version.xml
  *
  * Copyright (c) 2025 Abdul Hadi M.Alaidi 
  * Distributed under the GNU GPL v3. For full terms see the file docs/COPYING.
  *
  * Plugin version information.
  -->
<version>
	<application>changePassword</application>
	<type>plugins.generic</type>
	<release>1.0.0.0</release>
	<date>2025-09-01</date>
	<lazy-load>1</lazy-load>
	<class>ChangePasswordPlugin</class>
</version>